url,label
blog.anytimefitness.com,BRAND OWNED
caninestyles.com,BRAND OWNED
travel-blog.waytoindia.com,BRAND OWNED
theflooringgirl.com,BRAND OWNED
meetingsmeanbusiness.com,BRAND OWNED
traditionalartisanshow.com,BRAND OWNED
cannabusiness.law,BRAND OWNED
oogalights.com,BRAND OWNED
epare.com,BRAND OWNED
jhfinedining.com,BRAND OWNED
jhavalanche.org,BRAND OWNED
leustowels.com,BRAND OWNED
jeffbullas.com,BRAND OWNED
serviceautopilot.com,BRAND OWNED
firemecca.com,BRAND OWNED
roadtrips.com,BRAND OWNED
justdatesyrup.com,BRAND OWNED
blog.safeauto.com,BRAND OWNED
gazellenutrition.com,BRAND OWNED
criminaldefenseattorneytampa.com,BRAND OWNED
amandahope.org,BRAND OWNED
healthypetsslc.com,BRAND OWNED
thewholedog.com,BRAND OWNED
ryanandrose.co,BRAND OWNED
naturalarearugs.com,BRAND OWNED
rogueeurope.eu,BRAND OWNED
sundayschoolkids.com,BRAND OWNED
manhattantoy.com,BRAND OWNED
bewaterforlife.org,BRAND OWNED
gaggia.com,BRAND OWNED
hanes.com,BRAND OWNED
us.topshop.com,BRAND OWNED
helinox.com,BRAND OWNED
crystalrugged.com,BRAND OWNED
drivinglaws.aaa.com,BRAND OWNED
nighttechgear.com,BRAND OWNED
justcreative.com,BRAND OWNED
homesciencetools.com,BRAND OWNED
bigtoysgreencountry.com,BRAND OWNED
confluencefc.com,BRAND OWNED
obsessionbows.com,BRAND OWNED
blueplaneteyewear.com,BRAND OWNED
writingassist.com,BRAND OWNED
newportvessels.com,BRAND OWNED
wes-inc.com,BRAND OWNED
grovtec.com,BRAND OWNED
doublepranch.com,BRAND OWNED
loftysleep.com,BRAND OWNED
selectregistry.com,BRAND OWNED
power-solutions.com,BRAND OWNED
heytvm.com,BRAND OWNED
museumhack.com,BRAND OWNED
fitnessmachinetechnicians.com,BRAND OWNED
e-rigging.com,BRAND OWNED
avon.com,BRAND OWNED
janefriedman.com,BRAND OWNED
blogs.rdxsports.com,BRAND OWNED
currenthometechnologies.com,BRAND OWNED
rigginginstitute.com,BRAND OWNED
balledds.com,BRAND OWNED
traveler.marriott.com,BRAND OWNED
status.co,BRAND OWNED
dallasrugs.com,BRAND OWNED
schwinnbikes.com,BRAND OWNED
modshop1.com,BRAND OWNED
troutbum2.com,BRAND OWNED
churchsupplywarehouse.com,BRAND OWNED
6397news.com,BRAND OWNED
blog.vinesse.com,BRAND OWNED
scorpiustactical.com,BRAND OWNED
spellbrand.com,BRAND OWNED
biopdf.com,BRAND OWNED
adv-bio.com,BRAND OWNED
fabglassandmirror.com,BRAND OWNED
champion.com,BRAND OWNED
workitdaily.com,BRAND OWNED
eventdecordirect.com,BRAND OWNED
marcypro.com,BRAND OWNED
skydivegeorgia.com,BRAND OWNED
joseph-fashion.com,BRAND OWNED
drinkbai.com,BRAND OWNED
nationalautismresources.com,BRAND OWNED
blog.priceplow.com,BRAND OWNED
moneysmartfamily.com,BRAND OWNED
spellzone.com,BRAND OWNED
slingpilotacademy.com,BRAND OWNED
landscaperct.com,BRAND OWNED
southwestern.com,BRAND OWNED
https://hoffmanrichter.com,BRAND OWNED
blog.caninecaviar.com,BRAND OWNED
preppi.co,BRAND OWNED
slipcovershop.com,BRAND OWNED
keepersportsproducts.com,BRAND OWNED
mcleodhistory.pastperfectonline.com,BRAND OWNED
heavymetalbarbellclub.com,BRAND OWNED
cueandcase.com,BRAND OWNED
gowithsignature.com,BRAND OWNED
crossfitimpulse.com,BRAND OWNED
sportrock.com,BRAND OWNED
